algorithm,mean_reward,std_reward,mean_crash_rate_pct,n_models
custom_dqn,17.64266162870695,2.3333557120630277,41.333333333333336,3
sb3_dqn,18.4234124435779,1.5554159852695086,76.66666666666667,3
