algorithm,mean_reward,std_reward,mean_crash_rate_pct,n_models
custom_dqn,17.721299998870197,0.0,40.0,1
sb3_dqn,18.4234124435779,1.5554159852695086,76.66666666666667,3
